velocity,mass
0.745989276,0.9
1.109954954,1.8
1.340149245,2.7
1.919374898,3.6
2.089976076,5.4
2.119905658,7.1
2.519920634,10.6
2.630019011,12.3
2.730018315,14.2